RBS,6 LPA - 10LPA
Samsung SSIB,6 LPA - 10LPA
Samsung,6 LPA - 10LPA
Accolite,6 LPA - 10LPA
Genpact,6 LPA - 10LPA
Josh Technology,6 LPA - 10LPA
,6 LPA - 10LPA
OPTUM,6 LPA - 10LPA
Josh,6 LPA - 10LPA
Infoedge,6 LPA - 10LPA
Infoedge,6 LPA - 10LPA
Infoedge,6 LPA - 10LPA
Oracle,6 LPA - 10LPA
NCR Corporation,6 LPA - 10LPA
Optum,6 LPA - 10LPA
Thoughtworks,6 LPA - 10LPA
,6 LPA - 10LPA
Samsung R&D,6 LPA - 10LPA
Algoscale,6 LPA - 10LPA
Cimpress,6 LPA - 10LPA
ZS Associates,6 LPA - 10LPA
Stashfin,6 LPA - 10LPA
Signify,6 LPA - 10LPA
Indiamart,6 LPA - 10LPA
"Zeta, Grab, HackerEarth,Fractal",6 LPA - 10LPA
Expedia,6 LPA - 10LPA
,6 LPA - 10LPA
"Visa, RBL Bank",6 LPA - 10LPA
HashedIn,6 LPA - 10LPA
HashedIn,6 LPA - 10LPA
Algoscale,6 LPA - 10LPA
Josh,6 LPA - 10LPA
Hashdln,6 LPA - 10LPA
delhivery,6 LPA - 10LPA
Josh Technologies,6 LPA - 10LPA
CyberGroup,6 LPA - 10LPA
TCS,6 LPA - 10LPA
Delhivery,6 LPA - 10LPA
Delhivery,6 LPA - 10LPA
Josh,6 LPA - 10LPA
web tec,6 LPA - 10LPA
DAFFODIL,6 LPA - 10LPA
ORACLE,6 LPA - 10LPA
SIGMOID,6 LPA - 10LPA
ZS ASSOCIATES,6 LPA - 10LPA
ACCOLITE DIGITAL,6 LPA - 10LPA
ZOMENTUN(STARTUP BASED,6 LPA - 10LPA
,6 LPA - 10LPA
XPERI,6 LPA - 10LPA
Thoughtworks,6 LPA - 10LPA
TCS Digital,6 LPA - 10LPA
Amadeus,6 LPA - 10LPA
Samsung,6 LPA - 10LPA
Samsung,6 LPA - 10LPA
Samsung R&D,6 LPA - 10LPA
Baxter,6 LPA - 10LPA
Infosys Power Programming,6 LPA - 10LPA
Infosys Power Programming,6 LPA - 10LPA
Samsung,6 LPA - 10LPA
Samsung,6 LPA - 10LPA
Qualcomm,6 LPA - 10LPA
Wipro,6 LPA - 10LPA
Phillips,6 LPA - 10LPA
RBS,6 LPA - 10LPA
InfoEdge,6 LPA - 10LPA
InfoEdge,6 LPA - 10LPA
InfoEdge,6 LPA - 10LPA
RBS,6 LPA - 10LPA
Nagarro,6 LPA - 10LPA
Optum,6 LPA - 10LPA
CVent,6 LPA - 10LPA
Publicis Sapient,6 LPA - 10LPA
,6 LPA - 10LPA
Oracle,6 LPA - 10LPA
Oracle,6 LPA - 10LPA
Oracle,6 LPA - 10LPA
Oracle,6 LPA - 10LPA
Sabre,6 LPA - 10LPA
RBS,6 LPA - 10LPA
Oracle,6 LPA - 10LPA
Josh,6 LPA - 10LPA
HashedIn,6 LPA - 10LPA
Indus Valley Partners,6 LPA - 10LPA
Telstra,6 LPA - 10LPA
Dell,6 LPA - 10LPA
Guavus,6 LPA - 10LPA
Sentio,6 LPA - 10LPA
Samsung,6 LPA - 10LPA
Samsung,6 LPA - 10LPA
Samsung,6 LPA - 10LPA
Samsung,6 LPA - 10LPA
Samsung,6 LPA - 10LPA
Samsung,6 LPA - 10LPA
AppVenture,6 LPA - 10LPA
Xebia,6 LPA - 10LPA
Fractal Analytics,6 LPA - 10LPA
Samsung,6 LPA - 10LPA
Blue Optima,6 LPA - 10LPA
TCS Digital,6 LPA - 10LPA
Indus Valley Partners,6 LPA - 10LPA
Samsung,6 LPA - 10LPA
OLX,6 LPA - 10LPA
Tripock,6 LPA - 10LPA
Praktice.ai,6 LPA - 10LPA
Tripock,6 LPA - 10LPA
Tripock,6 LPA - 10LPA
Amazon,20 LPA
Amazon,20 LPA
Amazon,20 LPA
"Sprinkler, Flipkart",20 LPA
Amazon,20 LPA
Amazon,20 LPA
Salesforce,20 LPA
Goldman Sachs,20 LPA
Amazon,20 LPA
Arcesium,20 LPA
Zomato,20 LPA
Goldman Sachs,20 LPA
BNY,20 LPA
Microsoft,20 LPA
GS,20 LPA
Sprinkler,20 LPA
Microsoft,20 LPA
Microsoft,20 LPA
GS,20 LPA
GS,20 LPA
Atlassion,20 LPA
Microsoft,20 LPA
Fargo,20 LPA
Citrix ,20 LPA
Walmart,20 LPA
Freecharge ,20 LPA
New York Bank,20 LPA
Fargos,20 LPA
Cisco ,20 LPA
"Verizon, Shell",20 LPA
Amazon,20 LPA
Microsoft,20 LPA
Facebook London,20 LPA
T System ,20 LPA
Cisco,20 LPA
Adobe ,20 LPA
Citrix ,20 LPA
Cisco,20 LPA
Cisco,20 LPA
Microsoft,20 LPA
Adobe ,20 LPA
DE Shaw,20 LPA
Uber,20 LPA
Goldman Sachs,20 LPA
DE Shaw,20 LPA
Salesforce,20 LPA
Amazon,20 LPA
Amazon,20 LPA
Salesforce,20 LPA
Microsoft,20 LPA
Adobe,20 LPA
Uber,20 LPA
Microsoft,20 LPA
Intuit,20 LPA
Microsoft,20 LPA
Intuit,20 LPA
BNY Mellon,20 LPA
Microsoft,20 LPA
Microsoft,20 LPA
Wells Fargo,20 LPA
Barco NV,20 LPA
BNY Mellon,20 LPA
Microsoft,20 LPA
Adobe,20 LPA
Amazon,20 LPA
Microsoft,20 LPA
"MyKaarma, Google",20 LPA
Amazon,20 LPA
Microsoft,20 LPA
Cisco,20 LPA
Amazon - SDET,20 LPA
Zomato,20 LPA
Natwest Group,20 LPA
Commvault,20 LPA
Amazon,20 LPA
"Google, Nutanix",20 LPA
Google,20 LPA
Google,20 LPA
Goldman Sachs,20 LPA
Amazon,20 LPA
"Microsoft, Cisco",20 LPA
"Amazon,Samsung",20 LPA
Goldman Sachs,20 LPA
"Goldman Sachs 
urban company",20 LPA
Goldman Sachs,20 LPA
"Nagarro, Samsung,walmart",20 LPA
Adobe,20 LPA
Microsoft,20 LPA
Microsoft,20 LPA
Amazon,20 LPA
Microsoft,20 LPA
Tokopedia,20 LPA
"Salesforce, LinkedIn",20 LPA
Arcesium,20 LPA
Goldman Sachs,20 LPA
Citrix,20 LPA
Microsoft,20 LPA
"Intuit, Schlumberger",20 LPA
Nutanix,20 LPA
"HP, Western Digital",20 LPA
Zomato,20 LPA
"Morgan Stanley, Wells Fargo",20 LPA
Morgan Stanley,20 LPA
Western Digital,20 LPA
Commvault,20 LPA
Amazon,20 LPA
Google,20 LPA
Directi,20 LPA
Arcesium,20 LPA
Google,20 LPA
Arcesium,20 LPA
Amazon,20 LPA
Amazon,20 LPA
Amazon,20 LPA
Intuit,20 LPA
Amazon,20 LPA
Google,20 LPA
Microsoft,20 LPA
eSTee Advisors,20 LPA
Google,20 LPA
wells and fargo,20 LPA
ADOBE,20 LPA
ATLASSIAN,20 LPA
MICROSOFT,20 LPA
TOKOPEDIA,20 LPA
CURE.FIT,20 LPA
Goldman Sachs,20 LPA
MORGAN STANLEY,20 LPA
GOOGLE,20 LPA
GOOGLE,20 LPA
GOOGLE,20 LPA
SPRINK,20 LPA
MICROSOFT,20 LPA
Goldman Sachs,20 LPA
INTUIT,20 LPA
BOSCH,20 LPA
"CISCO,AMAZON",20 LPA
SPRINKLR,20 LPA
SPINKLER,20 LPA
MICROSOFT,20 LPA
MICROSOFT,20 LPA
SPRINKLR,20 LPA
SPRINKLR,20 LPA
SPRINKLR,20 LPA
GOOGLE,20 LPA
ORACLE TO WALMART,20 LPA
Microsoft,20 LPA
Tower Research,20 LPA
Microsoft,20 LPA
Microsoft,20 LPA
Microsoft,20 LPA
Arcesium,20 LPA
Goldman Sachs,20 LPA
Amazon,20 LPA
Adobe,20 LPA
Adobe,20 LPA
Microsoft,20 LPA
Microsoft,20 LPA
Goldman Sachs,20 LPA
Goldman Sachs,20 LPA
Goldman Sachs,20 LPA
Goldman Sachs,20 LPA
Walmart,20 LPA
Walmart,20 LPA
Walmart,20 LPA
Goldman Sachs,20 LPA
Goldman Sachs,20 LPA
Goldman Sachs,20 LPA
Microsoft,20 LPA
Microsoft,20 LPA
Microsoft,20 LPA
Microsoft,20 LPA
Microsoft,20 LPA
Uber,20 LPA
Google,20 LPA
Uber,20 LPA
Salesforce,20 LPA
Salesforce,20 LPA
Salesforce,20 LPA
Walmart,20 LPA
Intuit,20 LPA
Intuit,20 LPA
Flipkart,20 LPA
Google,20 LPA
Morgan Stanley,20 LPA
Adobe,20 LPA
Walmart,20 LPA
Microsoft,20 LPA
Goldman Sachs,20 LPA
Amazon,20 LPA
Flipkart,20 LPA
Uber,20 LPA
Tower Research,20 LPA
Microsoft GSMO,20 LPA
Salesforce,20 LPA
Salesforce,20 LPA
Salesforce,20 LPA
Amazon,20 LPA
Walmart,20 LPA
Goldman Sachs,20 LPA
Estee Advisors,20 LPA
Zomato,20 LPA
Zomato,20 LPA
Yellowmessenger,20 LPA
Yellowmessenger,20 LPA
Dailyhunt,20 LPA
Adobe,20 LPA
Walmart,20 LPA
Zomato,20 LPA
Cisco,20 LPA
Amazon,20 LPA
Citrix,20 LPA
Flipkart,20 LPA
Amazon,20 LPA
LinkedIn,20 LPA
LinkedIn,20 LPA
Adobe,20 LPA
Adobe,20 LPA
Myntra,20 LPA
Myntra,20 LPA
Myntra,20 LPA
Myntra,20 LPA
Myntra,20 LPA
Myntra,20 LPA
Amazon,20 LPA
Amazon,20 LPA
Amazon,20 LPA
Amazon,20 LPA
Goldman Sachs,20 LPA
Goldman Sachs,20 LPA
Amazon,20 LPA
Amazon,20 LPA
Amazon,20 LPA
Amazon,20 LPA
Adobe,20 LPA
Google,20 LPA
Amazon,20 LPA
Google,20 LPA
Expedia,10 LPA-20 LPA
MakemyTrip,10 LPA-20 LPA
Pharmeasy,10 LPA-20 LPA
Amex,10 LPA-20 LPA
Paytm,10 LPA-20 LPA
RBS,10 LPA-20 LPA
Deutsche Bank,10 LPA-20 LPA
Samsung Research,10 LPA-20 LPA
Optem,10 LPA-20 LPA
Ion Trading,10 LPA-20 LPA
Expedia,10 LPA-20 LPA
Urban Clap,10 LPA-20 LPA
Paytm,10 LPA-20 LPA
RBS,10 LPA-20 LPA
Expedia,10 LPA-20 LPA
Covium,10 LPA-20 LPA
Deutsche Bank,10 LPA-20 LPA
Deutsche Bank,10 LPA-20 LPA
Citibank,10 LPA-20 LPA
Deutsche Bank,10 LPA-20 LPA
Dester,10 LPA-20 LPA
SHL,10 LPA-20 LPA
Splash Learn,10 LPA-20 LPA
MMT,10 LPA-20 LPA
Twilio,10 LPA-20 LPA
HSBC,10 LPA-20 LPA
Splash Learn,10 LPA-20 LPA
expedia,10 LPA-20 LPA
Airtel,10 LPA-20 LPA
Standard Chartered,10 LPA-20 LPA
G Digital,10 LPA-20 LPA
Telstra,10 LPA-20 LPA
MMT,10 LPA-20 LPA
"Accolite, IHS Markit",10 LPA-20 LPA
Oyo,10 LPA-20 LPA
Sap Labs,10 LPA-20 LPA
Expedia,10 LPA-20 LPA
Amex,10 LPA-20 LPA
SAP Labs,10 LPA-20 LPA
Expedia,10 LPA-20 LPA
American Express,10 LPA-20 LPA
Google Step Intern,10 LPA-20 LPA
Traveloka,10 LPA-20 LPA
Meesho,10 LPA-20 LPA
CleverTap,10 LPA-20 LPA
CueMath,10 LPA-20 LPA
CueMath,10 LPA-20 LPA
Grab,10 LPA-20 LPA
CueMath,10 LPA-20 LPA
CueMath,10 LPA-20 LPA
Jupiter Money,10 LPA-20 LPA
SAP Labs,10 LPA-20 LPA
SAP Labs,10 LPA-20 LPA
Visa,10 LPA-20 LPA
Yodlle,10 LPA-20 LPA
Oppo R&D,10 LPA-20 LPA
Airtel Xlabs,10 LPA-20 LPA
UHG,10 LPA-20 LPA
Expedia,10 LPA-20 LPA
GoIbibo,10 LPA-20 LPA
GoIbibo,10 LPA-20 LPA
GoIbibo,10 LPA-20 LPA
SAP Labs,10 LPA-20 LPA
SAP Labs,10 LPA-20 LPA
SAP Labs,10 LPA-20 LPA
SAP Labs,10 LPA-20 LPA
American Express,10 LPA-20 LPA
American Express,10 LPA-20 LPA
Deutsche Bank,10 LPA-20 LPA
Sandisk,10 LPA-20 LPA
SAP Labs,10 LPA-20 LPA
Mathworks,10 LPA-20 LPA
Qualcomm,10 LPA-20 LPA
Airtel,10 LPA-20 LPA
GoIbibo,10 LPA-20 LPA
Wheelseye,10 LPA-20 LPA
Endurance,10 LPA-20 LPA
Droom,10 LPA-20 LPA
American Express,10 LPA-20 LPA
American Express,10 LPA-20 LPA
OYO Rooms,10 LPA-20 LPA
Expedia,10 LPA-20 LPA
American Express,10 LPA-20 LPA
OYO Rooms,10 LPA-20 LPA
Ion Trading,10 LPA-20 LPA
OLX,10 LPA-20 LPA
Yoodle,10 LPA-20 LPA
OYO Rooms,10 LPA-20 LPA
OYO Rooms,10 LPA-20 LPA
American Express,10 LPA-20 LPA
GoIbibo,10 LPA-20 LPA
ION Trading,10 LPA-20 LPA
OYO Rooms,10 LPA-20 LPA
OYO Rooms,10 LPA-20 LPA
OYO Rooms,10 LPA-20 LPA
Nucleus,10 LPA-20 LPA
Blackrock,10 LPA-20 LPA
OYO Rooms,10 LPA-20 LPA
HSBC,10 LPA-20 LPA
Urban Company,10 LPA-20 LPA
Indus valley partners ,6 LPA - 10LPA
Flipkart,10 LPA-20 LPA
Airtel Wynk,10 LPA-20 LPA
Airtel,10 LPA-20 LPA
Amazon,20 LPA +
Expedia Group,10 LPA-20 LPA
Expedia Group,10 LPA-20 LPA
TCS,6 LPA - 10LPA
Unthinkable solutions ,6 LPA - 10LPA
Finsol Technologies,6 LPA - 10LPA
Amazon,20 LPA +
Delhivery,6 LPA - 10LPA
Delhivery ,6 LPA - 10LPA
Amazon,20 LPA +
HSBC,10 LPA-20 LPA
Chegg India,6 LPA - 10LPA
PlanetSpark,6 LPA - 10LPA
Adobe,20 LPA +
Fareportal,6 LPA - 10LPA
Salesforce,20 LPA +
amazon,20 LPA +
L&T Bangalore,6 LPA - 10LPA
GEP Worldwide,6 LPA - 10LPA
TCS,6 LPA - 10LPA
Wipro,6 LPA - 10LPA
Samsung Research Institute Delhi,10 LPA-20 LPA
Unthinkable ,6 LPA - 10LPA
American Express,10 LPA-20 LPA
Josh Technology Group,10 LPA-20 LPA
CrossTower India,6 LPA - 10LPA
ZS associates,6 LPA - 10LPA
Microsoft,20 LPA +
Dxc Technology,6 LPA - 10LPA
The Sparks Foundation- Internship,6 LPA - 10LPA
Freecharge,10 LPA-20 LPA
Expedia,10 LPA-20 LPA
Education 4 ol,6 LPA - 10LPA
Sky technology,6 LPA - 10LPA
Amazon,20 LPA +
Commvault,20 LPA +
https://www.gytworkz.com/,6 LPA - 10LPA
Newgen Software,10 LPA-20 LPA
Harman India,6 LPA - 10LPA
Aye Finance Pvt. Ltd.,6 LPA - 10LPA
Evalueserve,6 LPA - 10LPA
Lido learning,6 LPA - 10LPA
Josh Technology,6 LPA - 10LPA
Servosys Solutions,6 LPA - 10LPA
Limetray,10 LPA-20 LPA
Ticketmaster,6 LPA - 10LPA
Amantya Technologies,6 LPA - 10LPA
Cognizant,6 LPA - 10LPA
Goldman Sachs,20 LPA +
Fyxbuddy,10 LPA-20 LPA
Virtusa,6 LPA - 10LPA
MAQ software,10 LPA-20 LPA
Salesforce,20 LPA +
Mu Sigma,6 LPA - 10LPA
Axtria,10 LPA-20 LPA
RTDS,6 LPA - 10LPA
Amazon,20 LPA +
DE Shaw,20 LPA +
Thoughs2Binary,6 LPA - 10LPA
Fission Labs,6 LPA - 10LPA
NetMeds,6 LPA - 10LPA
Amazon,20 LPA +
Linkedin,20 LPA +
Hashedin by Deloitte,6 LPA - 10LPA
MakeMyTrip,10 LPA-20 LPA
Angel Broking,6 LPA - 10LPA
IndiaMART,6 LPA - 10LPA
Western Digital ,10 LPA-20 LPA
Arcesium India Private Ltd,20 LPA +
Amazon,20 LPA +
Credgenics,6 LPA - 10LPA
Bosch Engineering and Business solutions (RBEI),6 LPA - 10LPA
Ihs Markit,6 LPA - 10LPA
Ihs Markit,6 LPA - 10LPA
Rbl bank,10 LPA-20 LPA
Josh technology Group,6 LPA - 10LPA
GeekyAnts,6 LPA - 10LPA
MTX Group Inc.,6 LPA - 10LPA
Urban company,10 LPA-20 LPA
Hashedin By Deloitte,6 LPA - 10LPA
Tek Travels Pvt Ltd,6 LPA - 10LPA
OyeRicksaw,10 LPA-20 LPA
Compro Technologies,6 LPA - 10LPA
FlexiEle,6 LPA - 10LPA
Quiph,6 LPA - 10LPA
Flock (Directi),6 LPA - 10LPA
Adidas,10 LPA-20 LPA
Saltside Technologies,6 LPA - 10LPA
Whitehat Junior,10 LPA-20 LPA
Infosys,6 LPA - 10LPA
SheltOwn,6 LPA - 10LPA
Indus Valley Partners,6 LPA - 10LPA
RYD,6 LPA - 10LPA
WriteSoft,6 LPA - 10LPA
"SanDisk, Western Digital ",10 LPA-20 LPA
Appventurez,6 LPA - 10LPA
Sopra Banking Software,10 LPA-20 LPA
SHL,6 LPA - 10LPA
IHS MARKIT,6 LPA - 10LPA
Accolite,6 LPA - 10LPA
Extramarks,10 LPA-20 LPA
Tekion Corp,10 LPA-20 LPA
Wipro,6 LPA - 10LPA
BlueStacks,10 LPA-20 LPA
Daffodil softwares,6 LPA - 10LPA
AppDesk Services,6 LPA - 10LPA
pravaig.com,6 LPA - 10LPA
Pepcoding,6 LPA - 10LPA
Pepcoding,6 LPA - 10LPA
Pepcoding ,6 LPA - 10LPA
Goibibo,10 LPA-20 LPA
IDFC,6 LPA - 10LPA
Accenture,6 LPA - 10LPA
Libsys,6 LPA - 10LPA
Samsung SDS,6 LPA - 10LPA
Macq,6 LPA - 10LPA
Delhivery,10 LPA-20 LPA
De shaw group,20 LPA +
Idemia,6 LPA - 10LPA
Idemia,6 LPA - 10LPA
Eightfold,6 LPA - 10LPA
Microsoft,20 LPA +
Dynapt,6 LPA - 10LPA
Microsoft,20 LPA +
Newgen Software,6 LPA - 10LPA
Xebia,6 LPA - 10LPA
TransposeOn (asthara agro),6 LPA - 10LPA
Wheelseye,10 LPA-20 LPA
Samsung R&D Delhi,6 LPA - 10LPA
ION group,10 LPA-20 LPA
Dunnhumby,6 LPA - 10LPA
Confidential,6 LPA - 10LPA
Confidential,6 LPA - 10LPA
HSBC,6 LPA - 10LPA
Ameyo,6 LPA - 10LPA
Tejas Networks,6 LPA - 10LPA
Delhivery Pvt Ltd,10 LPA-20 LPA
PEPCODING,6 LPA - 10LPA
wissen technologies,6 LPA - 10LPA
SHL,6 LPA - 10LPA
Deutsche Telekom,10 LPA-20 LPA
Josh Technology Group,6 LPA - 10LPA
Innovaccer,6 LPA - 10LPA
Avizva,6 LPA - 10LPA
ZS Associates,6 LPA - 10LPA
Snapdeal,10 LPA-20 LPA
Amazon,20 LPA +
Coforge Limited,6 LPA - 10LPA
Zoho,6 LPA - 10LPA
Learning mate ,6 LPA - 10LPA
Seamless Distribution System,6 LPA - 10LPA
Reliance retail,10 LPA-20 LPA
Expedia Group,10 LPA-20 LPA
Expedia Group,10 LPA-20 LPA
Planetspark,10 LPA-20 LPA
Libsys Ltd,6 LPA - 10LPA
Mobikwik ,10 LPA-20 LPA
Cars24,10 LPA-20 LPA
Paytm,10 LPA-20 LPA
Airtel x labs,10 LPA-20 LPA
Sopra Steria ,10 LPA-20 LPA
Curefit,10 LPA-20 LPA
TravelBoutiqueOnline,6 LPA - 10LPA
QuSe LLC,6 LPA - 10LPA
Nagarro,6 LPA - 10LPA
Samsung SDS ,6 LPA - 10LPA
Samsung Semiconductors India Research ,6 LPA - 10LPA
HCL Technologies,6 LPA - 10LPA
Qualcomm ,10 LPA-20 LPA
Capgemini Engineering,6 LPA - 10LPA
myKaarma,10 LPA-20 LPA
Thoughtworks ,6 LPA - 10LPA
ACCENTURE ,6 LPA - 10LPA
Josh Technology Group,6 LPA - 10LPA
Tata Consultancy Services,6 LPA - 10LPA
Bussr,6 LPA - 10LPA
Bravura solutions Pvt Ltd,6 LPA - 10LPA
Amazon,20 LPA +
Gastos Pvt Ltd.,6 LPA - 10LPA
WLPayments,6 LPA - 10LPA
Unschool,6 LPA - 10LPA
Expedia,10 LPA-20 LPA
Wells Fargo,20 LPA +
Accenture,6 LPA - 10LPA
Eshopbox Ecommerce,6 LPA - 10LPA
Comviva,6 LPA - 10LPA
Wipro,6 LPA - 10LPA
Infosys Limited,6 LPA - 10LPA
Inventum Technologies,6 LPA - 10LPA
Decimal Technologies,6 LPA - 10LPA
Unthinkable Solution (Daffodil Software),6 LPA - 10LPA
Accenture,6 LPA - 10LPA
INFOSYS LIMITED,6 LPA - 10LPA
Delhivery Pvt Ltd,10 LPA-20 LPA
Samsung R&D Noida ,10 LPA-20 LPA
Wipro,6 LPA - 10LPA
Sophos,6 LPA - 10LPA
Salesforce,20 LPA +
Paxcom,6 LPA - 10LPA
compro technology,6 LPA - 10LPA
Tata consultancy Services limited,6 LPA - 10LPA
Compro Technologies,6 LPA - 10LPA
DRDO,6 LPA - 10LPA
Real Time Data Services,6 LPA - 10LPA
Samsung SDS India Gurgaon,6 LPA - 10LPA
Infosec Ventures,6 LPA - 10LPA
scalenut,10 LPA-20 LPA
The entrepreneurship network,6 LPA - 10LPA
Cloud Collab Technologies,6 LPA - 10LPA
Capgemini,6 LPA - 10LPA
Freecharge Pvt Ltd,10 LPA-20 LPA
Volsko Infotech Pvt limited,6 LPA - 10LPA
Recro,6 LPA - 10LPA
Curefit,10 LPA-20 LPA
Expertrons,6 LPA - 10LPA
Zupee,10 LPA-20 LPA
Infosys,6 LPA - 10LPA
Vinsol,6 LPA - 10LPA
GeeksForGeeks,10 LPA-20 LPA
ZS Associates,6 LPA - 10LPA
Chargepoint,10 LPA-20 LPA
Tek Systems(working in Expedia client side),6 LPA - 10LPA
Cognizant,6 LPA - 10LPA
Adcuratio,6 LPA - 10LPA
Accenture,6 LPA - 10LPA
Google,20 LPA +
Accenture,6 LPA - 10LPA
Daily hunt,10 LPA-20 LPA
Daily hunt,10 LPA-20 LPA
Make my trip,10 LPA-20 LPA
Persistent Systems,6 LPA - 10LPA
Flipkart,20 LPA +
Appdesk services Pvt Ltd,6 LPA - 10LPA
Publicis Sapient,10 LPA-20 LPA
Appdesk services Pvt Ltd,6 LPA - 10LPA
Simform Solutions,6 LPA - 10LPA
Zversal Pvt Ltd,6 LPA - 10LPA
Cognizant ,6 LPA - 10LPA
Walmart ,20 LPA +
Accolite digital,6 LPA - 10LPA
Amdocs,6 LPA - 10LPA
Tower Research Capital,20 LPA +
TCS,6 LPA - 10LPA
Newgen Software Technologies,6 LPA - 10LPA
Lendingkart Finance limited,10 LPA-20 LPA
Josh Technology Group,6 LPA - 10LPA
Philips,10 LPA-20 LPA
ICICI bank,6 LPA - 10LPA
Salesforce ,20 LPA +
Nucleus Software,10 LPA-20 LPA
Indiamart,6 LPA - 10LPA
Digilytics AI,6 LPA - 10LPA
Infogain,6 LPA - 10LPA
Adidas,10 LPA-20 LPA
CRED,10 LPA-20 LPA
Arzooo,6 LPA - 10LPA
Open Text,6 LPA - 10LPA
Rv online gaming Pvt Ltd,6 LPA - 10LPA
Scrrum.com,10 LPA-20 LPA
Airtel X labs,10 LPA-20 LPA
TCS,6 LPA - 10LPA
Jombay,6 LPA - 10LPA
Xoriant,10 LPA-20 LPA
Capgemini,6 LPA - 10LPA
TCS ,6 LPA - 10LPA
Samsung R&D,10 LPA-20 LPA
Amazon,20 LPA +
Samsung R&D,10 LPA-20 LPA
Infosys,6 LPA - 10LPA
Microsoft,20 LPA +
Hughes Systique Corporation,6 LPA - 10LPA
Atlassian,20 LPA +
UHG Optum,10 LPA-20 LPA
Google,20 LPA +
Salesforce,20 LPA +
Games 24x7,10 LPA-20 LPA
Zeta,10 LPA-20 LPA
FarziEngineer,6 LPA - 10LPA
Amazon,20 LPA +
Principal Global Services,6 LPA - 10LPA
IHS Markit,10 LPA-20 LPA
Quolem,6 LPA - 10LPA
Goldman Sachs,20 LPA +
Airtel Payments Bank,10 LPA-20 LPA
DocASAP,6 LPA - 10LPA
HashedIn,6 LPA - 10LPA
Microsoft,20 LPA +
Global Free School,6 LPA - 10LPA
Magic Edtech Pvt. Ltd.,6 LPA - 10LPA
Adobe,20 LPA +
Dxc Technology,6 LPA - 10LPA
Josh Technology Group,6 LPA - 10LPA
PAYTM,10 LPA-20 LPA
 Netmeds.com (Vitalic Health Private Limited) ,6 LPA - 10LPA
Grofers,10 LPA-20 LPA
Ernst & Young,10 LPA-20 LPA
Arcesium ,20 LPA +
Salesforce,20 LPA +
Deloitte Consulting,6 LPA - 10LPA
Vinsol,6 LPA - 10LPA
Samsung SDS,6 LPA - 10LPA
TCS Digital,6 LPA - 10LPA
SamsungSDS,6 LPA - 10LPA
TCS,6 LPA - 10LPA
TCS,6 LPA - 10LPA
Mobikwik ,10 LPA-20 LPA
Amazon,20 LPA +
Wipro,6 LPA - 10LPA
Paytm Payments Bank,10 LPA-20 LPA
Delhivery ,6 LPA - 10LPA
Softway,10 LPA-20 LPA
Sprinklr,20 LPA +
Oracle,6 LPA - 10LPA
Myntra,10 LPA-20 LPA
Atlassian,20 LPA +
Wipro technologies,6 LPA - 10LPA
Wipro,6 LPA - 10LPA
E2Open,10 LPA-20 LPA
Zomato ,10 LPA-20 LPA
Urban Company ,10 LPA-20 LPA
India Mart,6 LPA - 10LPA
SOTI,6 LPA - 10LPA
Futuresoft India Private Limited,6 LPA - 10LPA
Asite Solutions,6 LPA - 10LPA
Infosys,6 LPA - 10LPA
Unthinkable Solutions,6 LPA - 10LPA
Unthinkable Solutions,6 LPA - 10LPA
Unthinkable Solutions,6 LPA - 10LPA
ION Trading,10 LPA-20 LPA
Innovaccer,6 LPA - 10LPA
Collegedunia Web Pvt. Ltd.,10 LPA-20 LPA
Josh Technology Group,6 LPA - 10LPA
Gemini Solutions Pvt Ltd,6 LPA - 10LPA
Josh technology,6 LPA - 10LPA
Suntec India,6 LPA - 10LPA
AndOr Communications Private limited,6 LPA - 10LPA
iWeb Services Pvt Ltd,6 LPA - 10LPA
Josh technology group,6 LPA - 10LPA
Telstra ,10 LPA-20 LPA
Delhivery,10 LPA-20 LPA
The Higher Pitch,6 LPA - 10LPA
World compliance technologies pvt ltd,6 LPA - 10LPA
Accolite,6 LPA - 10LPA
Collegeduniya,10 LPA-20 LPA
ZS associates ,6 LPA - 10LPA
Finoit Technologies Noida,6 LPA - 10LPA
BrowserStack,10 LPA-20 LPA
ZS associates,6 LPA - 10LPA
creditVidya,6 LPA - 10LPA
Kellton Tech sol. Ltd,6 LPA - 10LPA
Fourkites Inc.,6 LPA - 10LPA
Makemytrip,10 LPA-20 LPA
Mindtickle,10 LPA-20 LPA
Peacock Solar,6 LPA - 10LPA
Unthinkable software,6 LPA - 10LPA
InterviewBit,10 LPA-20 LPA
Nagarro,6 LPA - 10LPA
Codalien Technologies Pvt Ltd,6 LPA - 10LPA
Infolabs pvt Ltd.,6 LPA - 10LPA
Indiamart Intermesh limited,6 LPA - 10LPA
Park+,10 LPA-20 LPA
MakeMyTrip,10 LPA-20 LPA
Microsoft,20 LPA +
Tata Consultancy Services ,6 LPA - 10LPA
Nagarro,6 LPA - 10LPA
Limelight creative solution,6 LPA - 10LPA
Infosys Ltd,6 LPA - 10LPA
Infosys Ltd,6 LPA - 10LPA
Mckinley and RIce,10 LPA-20 LPA
Zomato,10 LPA-20 LPA
Camp K12,10 LPA-20 LPA
Amazon,20 LPA +
ZOHO,6 LPA - 10LPA
Nagarro,6 LPA - 10LPA
TCS,6 LPA - 10LPA
Coforge,6 LPA - 10LPA
Wipro,6 LPA - 10LPA
TCS,6 LPA - 10LPA
Samsung sds,6 LPA - 10LPA
Power2Learn,10 LPA-20 LPA
Lenskart,10 LPA-20 LPA
Google,20 LPA +
Zs,6 LPA - 10LPA
Tudip,6 LPA - 10LPA
Optiphoenix,6 LPA - 10LPA
Indegene,6 LPA - 10LPA
Walmart,20 LPA +
Bravura Solutions ,6 LPA - 10LPA
Spinny,10 LPA-20 LPA
Capgemini,6 LPA - 10LPA
Walmart,20 LPA +
Zoomcar,10 LPA-20 LPA
Wipro,6 LPA - 10LPA
Indus Valley Partners,6 LPA - 10LPA
Extramarks,6 LPA - 10LPA
Oyo technology,10 LPA-20 LPA
Delhivery,6 LPA - 10LPA
Browserstack,10 LPA-20 LPA
Deutsche Bank,10 LPA-20 LPA
Accolite Digital,6 LPA - 10LPA
Samsung Research Institute Bangalore (SRIB),6 LPA - 10LPA
Cavisson systems,6 LPA - 10LPA
collegedunia,10 LPA-20 LPA
Accolite,6 LPA - 10LPA
Unthinkable Solutions ,6 LPA - 10LPA
EXL Services,6 LPA - 10LPA
Paytm,10 LPA-20 LPA
American Express,10 LPA-20 LPA
Newgen software,10 LPA-20 LPA
Squareboat,6 LPA - 10LPA
Real Time Data Services,6 LPA - 10LPA
Real Time Data Services,6 LPA - 10LPA
Infosys,6 LPA - 10LPA
Indus Valley Partners,6 LPA - 10LPA
Zenius,6 LPA - 10LPA
Uniqubic Solution Pvt. Ltd,6 LPA - 10LPA
Digit Insurance,6 LPA - 10LPA
EPAM,6 LPA - 10LPA
Amazon,20 LPA +
Urban Company,10 LPA-20 LPA
DP World,6 LPA - 10LPA
Oyo Rooms,10 LPA-20 LPA
Publicis Sapient,10 LPA-20 LPA
moglix,10 LPA-20 LPA
Apisero,6 LPA - 10LPA
VMWare,10 LPA-20 LPA
plasmacomp.com,6 LPA - 10LPA
mobikwik,10 LPA-20 LPA
aksitservices.co.in,6 LPA - 10LPA
geeksforgeeks.org,10 LPA-20 LPA
geekster.in,6 LPA - 10LPA
American Express,10 LPA-20 LPA
TrackOlap,6 LPA - 10LPA
9YardsTechnology,6 LPA - 10LPA
Babel Media India Pvt Ltd,6 LPA - 10LPA
experis.com,6 LPA - 10LPA
DXC Technology,6 LPA - 10LPA
Birdeye ,10 LPA-20 LPA
Natwest Group,10 LPA-20 LPA
TCS,6 LPA - 10LPA
Fitmey,6 LPA - 10LPA
Telstra,10 LPA-20 LPA
Unthinkable Solutions,6 LPA - 10LPA
Walmart Labs,20 LPA +
MobStac,6 LPA - 10LPA
TransPose On Pvt. Ltd.  (asthara agro),6 LPA - 10LPA
SHL India Pvt Ltd,6 LPA - 10LPA
Indus Valley Partners,6 LPA - 10LPA
Accenture solutions pvt Ltd ,6 LPA - 10LPA
Q-in-1,6 LPA - 10LPA
Cosmo infrasolutions ,6 LPA - 10LPA
Tokopedia,10 LPA-20 LPA
Adidas,10 LPA-20 LPA
Tata consultancy services,6 LPA - 10LPA
Wipro,6 LPA - 10LPA
A3m,6 LPA - 10LPA
HighRadius,6 LPA - 10LPA
Josh Technology Group,6 LPA - 10LPA
barco electonic systems pvt. ltd,10 LPA-20 LPA
Ciena,6 LPA - 10LPA
Actas Technologies Pvt Ltd (Paymonk),6 LPA - 10LPA
Mountblue Technologies Pvt Ltd,10 LPA-20 LPA
Walmart Global Tech,20 LPA +
Shell India ,10 LPA-20 LPA
Hytech Professionals ,6 LPA - 10LPA
Internshala,6 LPA - 10LPA
IndiaMART,6 LPA - 10LPA
OYO Rooms,10 LPA-20 LPA
Samsung,6 LPA - 10LPA
Vahan Inc.,6 LPA - 10LPA
Google,20 LPA +
Sprinklr,20 LPA +
Crowe Horwath IT Services LLP,6 LPA - 10LPA
Amazon,20 LPA +
"Elara (Housing,PropTiger & Makaan)",10 LPA-20 LPA
"Elara (Housing, PropTiger & Makaan)",10 LPA-20 LPA
JP Morgan,20 LPA +
Barraiser,6 LPA - 10LPA
Mckinley & Rice,10 LPA-20 LPA
Whizhack technologies ,6 LPA - 10LPA
MyShubhLife,6 LPA - 10LPA
Develearn Technologies,6 LPA - 10LPA
Ziroh labs,6 LPA - 10LPA
Global governance initiative,6 LPA - 10LPA
Tribes.ai,6 LPA - 10LPA
Lumiq.ai,6 LPA - 10LPA
Hashedin by Deloitte,6 LPA - 10LPA
Anand Rathi IT Pvt. Ltd. ,6 LPA - 10LPA
Netprophets Cyberworks Global,6 LPA - 10LPA
leap.club,10 LPA-20 LPA
Nagarro ,6 LPA - 10LPA
General Electric,10 LPA-20 LPA
SpringML,10 LPA-20 LPA
Infosys,6 LPA - 10LPA
GreyOrange India Pvt. Ltd.,10 LPA - 20LPA
RxLogix,6 LPA - 10LPA
EXL Service,6 LPA - 10LPA
Valuebound ,6 LPA - 10LPA
Indiamart ,6 LPA - 10LPA
Larsen & Toubro Infotech Limited (LTI),6 LPA - 10LPA
Zeus Learning,6 LPA - 10LPA
Delhivery,10 LPA-20 LPA
pepcoding,6 LPA - 10LPA
JUNGLEWORKS,6 LPA - 10LPA
Globant,6 LPA - 10LPA
Sirma Buisness Consulting,6 LPA - 10LPA
Josh technology group,6 LPA - 10LPA
Persistent systems ,6 LPA - 10LPA
CRM NEXT ,6 LPA - 10LPA
Attra ,6 LPA - 10LPA
Nagarro software pvt. Ltd. ,6 LPA - 10LPA
Capgemini,6 LPA - 10LPA
SHL,6 LPA - 10LPA
Crowe Horwath LLP,10 LPA-20 LPA
Hashedin,6 LPA - 10LPA
Tek Systems,6 LPA - 10LPA
MetricStream,6 LPA - 10LPA
IBM India Pvt Ltd,6 LPA - 10LPA
PepCoding,6 LPA - 10LPA
MResult services Pvt Ltd,6 LPA - 10LPA
FreeCharge,10 LPA-20 LPA
HCL Technology,6 LPA - 10LPA
Tata Consultancy Services,6 LPA - 10LPA
KPMG Noida,6 LPA - 10LPA
zartek,6 LPA - 10LPA
Active Ai,6 LPA - 10LPA
Mountblue Technologies,6 LPA - 10LPA
Apisero,6 LPA - 10LPA
Mind tree,10 LPA-20 LPA
Amazon,20 LPA +
Amazon,20 LPA +
Tech Mahindra,6 LPA - 10LPA
TCS,6 LPA - 10LPA
"Raja Software Labs, Pune",6 LPA - 10LPA
Encora Innovation Labs,6 LPA - 10LPA
TCS ,6 LPA - 10LPA
Accenture,6 LPA - 10LPA
New gen,10 LPA-20 LPA
McKinley and rice,10 LPA-20 LPA
BYJU'S - The Learning App,10 LPA-20 LPA
Cognizant,6 LPA - 10LPA
TCS,6 LPA - 10LPA
Apisero Inc.,6 LPA - 10LPA
MonsterIndia,10 LPA-20 LPA
TATA CONSULTANCY SERVICES (TCS),6 LPA - 10LPA
Deloitte usi ,6 LPA - 10LPA
Drishti technologies ,6 LPA - 10LPA
Skeps ,6 LPA - 10LPA
Mvp rocket ,6 LPA - 10LPA
Decimal technologies ,6 LPA - 10LPA
Novoinvent Software,6 LPA - 10LPA
QuickMetrix,6 LPA - 10LPA
iris software,6 LPA - 10LPA
Signify ( cls) ,6 LPA - 10LPA
HSBC,10 LPA-20 LPA
Icreon Communications private limited,6 LPA - 10LPA
TCS,6 LPA - 10LPA
TCS,6 LPA - 10LPA
IHS Markit,6 LPA - 10LPA
Optum Global Solutions,6 LPA - 10LPA
Deloitte Consulting Private Limited,6 LPA - 10LPA
"Zuna Solution, parent company Avancer Corporation",6 LPA - 10LPA
Optum Global Solutions ,6 LPA - 10LPA
BlobDesign,6 LPA - 10LPA
Nagarro,6 LPA - 10LPA
Cloudaeon,6 LPA - 10LPA
Jupitice Justice Technology part of Aeren IT Solutions,6 LPA - 10LPA
Cure Fit,10 LPA-20 LPA
Zeta Suite,6 LPA - 10LPA
Fareportal,10 LPA-20 LPA
Algonomy (Manthan) Software Pvt Ltd,6 LPA - 10LPA
talent500,6 LPA - 10LPA
NA,6 LPA - 10LPA
Profinch,6 LPA - 10LPA
The Brihaspati Infotech,6 LPA - 10LPA
Tcs,6 LPA - 10LPA
Infosys,6 LPA - 10LPA
Pep coding,6 LPA - 10LPA
NCR Corporation,6 LPA - 10LPA
Genpact,6 LPA - 10LPA
Mirketa Software,6 LPA - 10LPA
jungleworks(clicklabs),10 LPA-20 LPA
ZS Associates,6 LPA - 10LPA
Zensar,6 LPA - 10LPA
Newgen software technologies limited,6 LPA - 10LPA
ZETA,6 LPA - 10LPA
Oracle IDC,6 LPA - 10LPA
JOVEO,10 LPA-20 LPA
Impetus,6 LPA - 10LPA
Gaana,10 LPA-20 LPA
Gaana,10 LPA-20 LPA
Gaana,10 LPA-20 LPA
PAYTM,10 LPA-20 LPA
TEKION,10 LPA-20 LPA
EXPEDIA,10 LPA-20 LPA
Samsung Research Institute Delhi,6 LPA - 10LPA
Amazon,20 LPA +
Amazon,20 LPA +
IBM,6 LPA - 10LPA
Arcesium,20 LPA +
Wipro,6 LPA - 10LPA
arcesium,20 LPA +
Airtel X Labs,10 LPA-20 LPA
Tata Consultancy Services,6 LPA - 10LPA
NCR Corporation,6 LPA - 10LPA
Fretron pvt. Ltd.,10 LPA-20 LPA
Collegedunia,10 LPA-20 LPA
Capgemini,6 LPA - 10LPA
Estee Advisors Pvt. Ltd.,20 LPA +
Clearwater Analytics,10 LPA-20 LPA
Optum,10 LPA-20 LPA
Amdocs,6 LPA - 10LPA
Microsoft,20 LPA +
Google,20 LPA +
TCS,6 LPA - 10LPA
Zoob Labs INC,6 LPA - 10LPA
Cogent Web Services,6 LPA - 10LPA
Pepcoding ,6 LPA - 10LPA
Capgemini,6 LPA - 10LPA
Capgemini,6 LPA - 10LPA
Josh Technology Group,6 LPA - 10LPA
Collegedunia ,6 LPA - 10LPA
Cila labs,10 LPA-20 LPA
Amdocs,6 LPA - 10LPA
Mentor Graphics,10 LPA-20 LPA
FirstCry,10 LPA-20 LPA
Amdocs,6 LPA - 10LPA
Accenture,6 LPA - 10LPA
Wipro,6 LPA - 10LPA
ZS Associates,6 LPA - 10LPA
Zensar,6 LPA - 10LPA
Anand Rathi Wealth Management,6 LPA - 10LPA
Kone elevators Pvt Ltd,6 LPA - 10LPA
LeapFinance,10 LPA-20 LPA
Cognizant,6 LPA - 10LPA
Cisco,20 LPA +
Samsung Research Institute Noida,6 LPA - 10LPA
Infosys,6 LPA - 10LPA
Nippon Data Systems Ltd(Client -> Keysight Technologies),6 LPA - 10LPA
Ugam solutions,6 LPA - 10LPA
Infosys,6 LPA - 10LPA
MPhasis,10 LPA-20 LPA
Infosys Ltd,6 LPA - 10LPA
Wipro Technologies,6 LPA - 10LPA
Amazon,20 LPA +
ThoughtWorks,6 LPA - 10LPA
Splashlearn,10 LPA-20 LPA
Amazon,20 LPA +
Goldman Sachs,20 LPA +
Samsung Research,6 LPA - 10LPA
Salesforce,20 LPA +
Amazon,20 LPA +
Microsoft,20 LPA +
Cvent,6 LPA - 10LPA
Aapastech,6 LPA - 10LPA
Pharmeasy,10 LPA-20 LPA
Accolite,6 LPA - 10LPA
Splashlearn,10 LPA-20 LPA
Microsoft,20 LPA +
Cisco,20 LPA +
Amazon,20 LPA +
Urban Company,10 LPA-20 LPA
Flipkart,20 LPA +
Salesforce,20 LPA +
Adobe,20 LPA +
Adobe,20 LPA +
Uber,20 LPA +
Freecharge,10 LPA-20 LPA
Flipkart ,20 LPA +
Deutsche Bank,10 LPA-20 LPA
Deutsche Bank,10 LPA-20 LPA
Adobe,20 LPA +
Infoedge India,6 LPA - 10LPA
Samsung Research Institute Bangalore,6 LPA - 10LPA
MakeMyTrip,10 LPA-20 LPA
MMT,10 LPA-20 LPA
Amazon,20 LPA +
Flipkart,20 LPA +
Zomato,10 LPA-20 LPA
Oyo,10 LPA-20 LPA
Eightfold.ai,10 LPA - 20LPA
Amazon,20 LPA +
Samsung ,6 LPA - 10LPA
Amazon,20 LPA +
Atlassian,20 LPA +
Atlassian,20 LPA +
Adobe,20 LPA +
Intuit,20 LPA +
Envestnet Yodlee,20 LPA +
SHL,10 LPA-20 LPA
Amazon India,20 LPA +
Josh Technology Group ,6 LPA - 10LPA
Atlassian ,20 LPA +
Salesforce,20 LPA +
Leverahe edu,10 LPA-20 LPA
Walmart,20 LPA +
Citrix,20 LPA +
Nagarro,6 LPA - 10LPA
Wipro,6 LPA - 10LPA
Telstra,10 LPA-20 LPA
Josh Technology Group,6 LPA - 10LPA
OkCredit ,10 LPA-20 LPA
Discovery,10 LPA-20 LPA
compro technology ltd. ,6 LPA - 10LPA
Delhivery,6 LPA - 10LPA
Actas Technologies Pvt Ltd,6 LPA - 10LPA
Pennyworth Wiz Pvt. Ltd.,10 LPA-20 LPA
MedTourEasy,10 LPA-20 LPA
Walmart,20 LPA +
Airtel X lab,10 LPA-20 LPA
Paypal,10 LPA-20 LPA
Deloitte,6 LPA - 10LPA
Loco (pocketaces),10 LPA-20 LPA
LeadSquared,6 LPA - 10LPA
ClearTax,10 LPA-20 LPA
Postman,10 LPA-20 LPA
Rapyuta Robotics,10 LPA - 20 LPA
Lambda Test,10 LPA-20 LPA
Flipkart,20 LPA +
Expedia Group,10 LPA-20 LPA
BNY Mellon,20 LPA +
Accolite Digital,6 LPA - 10LPA
Innominds,10 LPA-20 LPA
Iopex Technologies,6 LPA - 10LPA
Airtel X labs,10 LPA-20 LPA
Airtel X labs,10 LPA-20 LPA
CueMath ,10 LPA-20 LPA
To The New Private limited,6 LPA - 10LPA
Rockwell Automation,6 LPA - 10LPA
Newgen Software Technologies,6 LPA - 10LPA
Real Time Data Services,6 LPA - 10LPA
Infosys,6 LPA - 10LPA
Accolite Digital,6 LPA - 10LPA
Accolite Digital,6 LPA - 10LPA
LTI,6 LPA - 10LPA
Cermati,10 LPA-20 LPA
Betsol,10 LPA-20 LPA
IFFCO-TOKIO,10 LPA-20 LPA
Sprinklr,20 LPA +
Orange ,6 LPA - 10LPA
PwC,10 LPA-20 LPA
Macquarie,10 LPA-20 LPA
Hike,10 LPA-20 LPA
Juspay,10 LPA-20 LPA
Juspay ,10 LPA-20 LPA
Grail Insights,6 LPA - 10LPA
GroupM,6 LPA - 10LPA
Capgemini,6 LPA - 10LPA
Capgemini,6 LPA - 10LPA
Publicis sapient,10 LPA-20 LPA
Eightfold.ai,10 LPA - 20LPA
Udaan,10 LPA-20 LPA
Rakuten,20 LPA +
Orange Business and Services,6 LPA - 10LPA
Daffodil software,6 LPA - 10LPA
Nagarro,6 LPA - 10LPA
PCW,6 LPA - 10LPA
Amazon,6 LPA - 10LPA
Unthinkable Solutions,6 LPA - 10LPA
Commvault,20 LPA +
OLA,10 LPA-20 LPA
Optum global solutions,6 LPA - 10LPA
Finoit technologies Pvt Ltd,6 LPA - 10LPA
THINKSYS,6 LPA - 10LPA
Ion Trading,10 LPA-20 LPA
Josh Technology,6 LPA - 10LPA
Josh Technology,6 LPA - 10LPA
Josh Technology,6 LPA - 10LPA
Josh Tech. Group,6 LPA - 10LPA
Juspay,10 LPA-20 LPA
Accolite Digital,6 LPA - 10LPA
PolicyBazaar.com,10 LPA-20 LPA
Ixido,6 LPA - 10LPA
Josh Technology Group Pvt. Ltd.,6 LPA - 10LPA
American Express,10 LPA-20 LPA
App-Scoop,6 LPA - 10LPA
amazon,20 LPA +
INTERVIEWBIT,10 LPA - 20 LPA
QUALCOMM,10 LPA - 20 LPA
SAMSAUNG,6 LPA - 10LPA
GoMMT (Make My Trip),10 LPA-20 LPA
Rakuten India,20 LPA +
Excelsoft Technologies Pvt. Ltd.,6 LPA - 10LPA
MILKBASKET,10 LPA-20 LPA
Naggaro,6 LPA - 10LPA
GREY ORANGE,6 LPA - 10LPA
AMAZON,20 LPA +
AMAZON,20 LPA +
MOBCODER,6 LPA - 10LPA
keystone,6 LPA - 10LPA
MOBILITE,10 LPA-20 LPA
naggarro,6 LPA - 10LPA
CRED,10 LPA-20 LPA
ZS Associates ,6 LPA - 10LPA
ZS Associates ,6 LPA - 10LPA
Accolite Digital,6 LPA - 10LPA
Amdocs,6 LPA - 10LPA
Bank of America,10 LPA-20 LPA
Interra Systems,6 LPA - 10LPA
Ion Trading,10 LPA-20 LPA
KEYIDEAS,6 LPA - 10LPA
POLESTAR,6 LPA - 10LPA
IKYA GLOBAL,6 LPA - 10LPA
Bravura solutions ,6 LPA - 10LPA
Infosys,6 LPA - 10LPA
Publicis Sapient,10 LPA-20 LPA
Pharmeasy,10 LPA-20 LPA
Nykaa,10 LPA-20 LPA
PGA LABS,6 LPA - 10LPA
Cred,10 LPA-20 LPA
Akmai,6 LPA - 10LPA
Hashedin,6 LPA - 10LPA
Ola Electric,10 LPA-20 LPA
Accenture,6 LPA - 10LPA
ION Trading,10 LPA-20 LPA
IHS Markit,6 LPA - 10LPA
American Express,10 LPA-20 LPA
dhruva,6 LPA - 10LPA
oracle,6 LPA - 10LPA
priceline,6 LPA - 10LPA
Grofers,10 LPA-20 LPA
GROUNDTRUTH,6 LPA - 10LPA
COLLEGEDUNIYA,10 LPA-20 LPA
blucognition,6 LPA - 10LPA
paytm,10 LPA-20 LPA
Buopso pvt ltd.,6 LPA - 10LPA
eSparkBiz Tech,6 LPA - 10LPA
Wipro Ltd. ,6 LPA - 10LPA
Publicis Sapient,10 LPA-20 LPA
Cognizant,6 LPA - 10LPA
Infotech,6 LPA - 10LPA
Infotech,6 LPA - 10LPA
TCS,6 LPA - 10LPA
"Cognizant,Exl,tcs,infosys",6 LPA - 10LPA
Sarvvid-AI,6 LPA - 10LPA
Indus Valley partners ,6 LPA - 10LPA
DXC,6 LPA - 10LPA
Nagarro ,6 LPA - 10LPA
Indiamart ,6 LPA - 10LPA
Accenture,6 LPA - 10LPA
Samsung India electronics Pvt Ltd,6 LPA - 10LPA
Curefit,10 LPA-20 LPA
physicswallah pvt ltd,6 LPA - 10LPA
Morgan Stanley,20 LPA +
wipro Digital,6 LPA - 10LPA